,release_rate,operator_report,operator_sigma
0,191.0241662,177,55
1,90.18314942,61,44
3,914.7344516,908,247
5,433.2342194,669,259
7,587.9879535,544,170
8,131.560704,303,120
9,69.05912981,89,100
10,58.35559471,140,51
12,331.941024,196,98
13,655.31268,787,496
14,395.9766,644,373
15,32.768874,94,100
16,329.542452,388,92
17,796.9158,958,410
18,1037.3346,1199,313
19,1259.4474,1489,485
20,570.7152,579,182
23,164.684772,112,132
