,release_rate,operator_report,operator_sigma
5,200.48339842410687,155.525,59.775000000000006
6,342.5184302231952,275.9,71.30000000000001
8,80.05311405669045,31.185,21.815
9,118.16415310854,70.4,25.69999999999999
11,156.10891064833325,91.6,30.30000000000001
12,3.773421855090184,2.9,3.1999999999999997
14,27.08834242707844,18.07,12.23
16,802.5251649983484,402.79,186.50999999999993
