,overpass_id,non_zero_release,operator_detected,release_rate_kgh,operator_quantification
0,1.0,True,True,10.96863687,87.19376164
1,2.0,True,False,7.31481002,
3,4.0,True,False,4.461038439,
18,19.0,True,True,23.91384594,34.46484832
33,34.0,True,False,6.853537534,
34,35.0,True,True,21.05280708,13.7314693
37,38.0,True,True,16.5652514,42.44641036
54,55.0,True,True,11.26225511,4.90088507
56,57.0,True,True,23.43240543,22.09402808
57,58.0,True,True,22.84482405,35.91431737
