,release_rate,x_error,operator_report,operator_sigma
5,200.48339842410687,1.498093540788615,155.525,59.775000000000006
6,342.5184302231952,3.811568122063768,275.9,71.30000000000001
8,80.05311405669045,0.40936576250253354,31.185,21.815
9,118.16415310854,20.107556346929464,70.4,25.69999999999999
11,156.10891064833325,1.0136238905650892,91.6,30.30000000000001
12,3.773421855090184,0.05662521840857518,2.9,3.1999999999999997
14,27.08834242707844,4.144509220795855,18.07,12.23
16,802.5251649983484,26.77685937224243,402.79,186.50999999999993
