,release_rate,operator_report,operator_sigma
4,1322.472443,921.8,275.4000000000001
5,200.4833984,155.525,59.761746999999986
6,342.5184302,275.9,71.30000000000001
8,80.05311406,31.185,21.808255320000004
9,118.1641531,70.4,25.69999999999999
11,156.1089106,91.6,30.30000000000001
12,3.773421855,2.9,3.1999999999999997
14,27.08834243,18.07,12.197721099999999
16,802.525165,402.79,186.5088526
