,strict,lax,lax_not_strict
Carbon Mapper,56.26135128546829,58.083028809254266,88.59612733266961
GHGSat,36.89790384917587,36.81099106334679,36.27928931474541
Kairos,41.65595127193432,44.25097435272713,61.767380148078615
Methane Air,45.808216762769796,42.567455237872046,16.641363038690066
