,strict_v_lax,strict_v_lax_not_strict
Carbon Mapper,0.9037055077065665,0.47922722091824854
GHGSat,0.9896058686091609,0.9625002683407933
Kairos,0.6453669505975216,0.08524288451949867
Methane Air,0.8487672616304947,0.43517309959961936
