,strict,lax,lax_not_strict
Carbon Mapper,55.79881646256042,57.857666935266884,92.34341235310015
GHGSat,35.43211672306682,35.48066868665836,35.777692463924254
Kairos,42.992348870084065,45.82361760534584,64.93468156836285
Methane Air,48.810387582631094,45.39904639432281,18.10831688785653
