,strict_v_lax,strict_v_lax_not_strict
Carbon Mapper,0.9065189612276879,0.49211355345261554
GHGSat,0.9863079040867812,0.950616811321509
Kairos,0.6488882416714259,0.08871212781812587
Methane Air,0.8492741637528327,0.43673654382988847
