,strict_v_lax,strict_v_lax_not_strict
Carbon Mapper,0.904844381828214,0.48436768451118806
GHGSat,0.9885945931303923,0.9588557767911141
Kairos,0.651341633225275,0.09107276024993335
Methane Air,0.849538004995438,0.43755070763111215
