,strict_v_lax,strict_v_lax_not_strict
Carbon Mapper,0.894094446039369,0.4366063937500756
GHGSat,0.9919186643532389,0.9708253703346307
Kairos,0.6326739111300554,0.07365313756196123
